WTA,Location,Tournament,Date,Tier,Court,Surface,Round,Winner,Loser,WRank,LRank,Wsets,Lsets,Comment,PSW_x,PSL,match,win0,confidence0,PSW_y,date
40,Montreal,Canadian Open,2021-08-11,WTA1000,Outdoor,Hard,2nd Round,Sabalenka A.,Stephens S.,3,62,2.0,1.0,Completed,1.24,4.63,1743,1,1.0352425456047056,1.24,2021-08-11
40,Montreal,Canadian Open,2021-08-11,WTA1000,Outdoor,Hard,2nd Round,Konta J.,Svitolina E.,41,5,2.0,1.0,Completed,3.28,1.39,1744,0,1.063181876540184,3.28,2021-08-11
40,Montreal,Canadian Open,2021-08-11,WTA1000,Outdoor,Hard,2nd Round,Giorgi C.,Podoroska N.,71,38,2.0,0.0,Completed,1.54,2.65,1745,1,0.6850382924079895,1.54,2021-08-11
40,Montreal,Canadian Open,2021-08-11,WTA1000,Outdoor,Hard,2nd Round,Pliskova Ka.,Vekic D.,6,56,2.0,1.0,Completed,1.53,2.7,1746,1,0.9035935807228088,1.53,2021-08-11
40,Montreal,Canadian Open,2021-08-11,WTA1000,Outdoor,Hard,2nd Round,Anisimova A.,Dodin O.,86,109,2.0,0.0,Completed,1.44,3.01,1747,1,1.1225830936431884,1.44,2021-08-11
40,Montreal,Canadian Open,2021-08-11,WTA1000,Outdoor,Hard,2nd Round,Sorribes Tormo S.,Samsonova L.,48,52,2.0,0.0,Completed,1.83,2.1,1748,1,0.8182274383306504,1.83,2021-08-11
40,Montreal,Canadian Open,2021-08-11,WTA1000,Outdoor,Hard,2nd Round,Marino R.,Badosa P.,220,31,2.0,1.0,Completed,4.92,1.22,1749,0,1.0185450851917266,4.92,2021-08-11
40,Montreal,Canadian Open,2021-08-11,WTA1000,Outdoor,Hard,2nd Round,Azarenka V.,Cirstea S.,15,40,2.0,0.0,Completed,1.39,3.27,1750,1,0.8641141027212143,1.39,2021-08-11
40,Montreal,Canadian Open,2021-08-11,WTA1000,Outdoor,Hard,2nd Round,Andreescu B.,Dart H.,8,172,2.0,1.0,Completed,1.3,3.93,1751,1,0.9988869309425354,1.3,2021-08-11
40,Montreal,Canadian Open,2021-08-11,WTA1000,Outdoor,Hard,1st Round,Collins D.,Teichmann J.,28,65,2.0,1.0,Completed,1.27,4.09,1752,1,1.0587087696790696,1.27,2021-08-11
40,Montreal,Canadian Open,2021-08-11,WTA1000,Outdoor,Hard,2nd Round,Sakkari M.,Kudermetova V.,18,33,2.0,1.0,Completed,1.4,3.2,1753,1,1.0708306670188903,1.4,2021-08-11
40,Montreal,Canadian Open,2021-08-12,WTA1000,Outdoor,Hard,3rd Round,Giorgi C.,Kvitova P.,71,12,2.0,0.0,Completed,2.07,1.85,1754,1,1.0881672352552414,2.07,2021-08-12
40,Montreal,Canadian Open,2021-08-12,WTA1000,Outdoor,Hard,3rd Round,Pliskova Ka.,Anisimova A.,6,86,2.0,0.0,Completed,1.6,2.51,1755,1,1.1197877883911134,1.6,2021-08-12
40,Montreal,Canadian Open,2021-08-12,WTA1000,Outdoor,Hard,3rd Round,Azarenka V.,Sakkari M.,15,18,2.0,1.0,Completed,1.81,2.13,1756,1,0.8092850619554519,1.81,2021-08-12
40,Montreal,Canadian Open,2021-08-12,WTA1000,Outdoor,Hard,3rd Round,Sorribes Tormo S.,Siniakova K.,48,55,2.0,1.0,Completed,2.09,1.83,1757,1,1.0267706310749052,2.09,2021-08-12
40,Montreal,Canadian Open,2021-08-12,WTA1000,Outdoor,Hard,3rd Round,Gauff C.,Konta J.,24,41,,,Walkover,1.43,3.07,1758,1,1.1580891329050063,1.43,2021-08-12
40,Montreal,Canadian Open,2021-08-12,WTA1000,Outdoor,Hard,2nd Round,Jabeur O.,Kasatkina D.,22,27,2.0,1.0,Completed,1.61,2.47,1759,1,1.227160613536835,1.61,2021-08-12
40,Montreal,Canadian Open,2021-08-12,WTA1000,Outdoor,Hard,2nd Round,Pegula J.,Pavlyuchenkova A.,30,17,2.0,1.0,Completed,2.05,1.86,1760,0,0.8599404215812684,2.05,2021-08-12
40,Montreal,Canadian Open,2021-08-12,WTA1000,Outdoor,Hard,2nd Round,Collins D.,Halep S.,28,13,2.0,1.0,Completed,1.8,2.13,1761,1,0.8048138737678527,1.8,2021-08-12
40,Montreal,Canadian Open,2021-08-12,WTA1000,Outdoor,Hard,2nd Round,Gauff C.,Potapova A.,24,100,0.0,0.0,Retired,1.26,4.39,1762,1,1.0148022902011873,1.26,2021-08-12
40,Montreal,Canadian Open,2021-08-12,WTA1000,Outdoor,Hard,3rd Round,Sabalenka A.,Marino R.,3,220,2.0,0.0,Completed,1.15,6.55,1763,1,1.010653558373451,1.15,2021-08-12
40,Montreal,Canadian Open,2021-08-13,WTA1000,Outdoor,Hard,3rd Round,Jabeur O.,Andreescu B.,22,8,2.0,1.0,Completed,1.78,2.17,1764,0,0.9408143651485443,1.78,2021-08-13
40,Montreal,Canadian Open,2021-08-13,WTA1000,Outdoor,Hard,3rd Round,Pegula J.,Collins D.,30,28,2.0,1.0,Completed,1.74,2.23,1765,1,1.1915873122215273,1.74,2021-08-13
40,Montreal,Canadian Open,2021-08-13,WTA1000,Outdoor,Hard,Quarterfinals,Sabalenka A.,Azarenka V.,3,15,2.0,0.0,Completed,1.65,2.4,1766,1,1.2455535918474196,1.65,2021-08-13
40,Montreal,Canadian Open,2021-08-13,WTA1000,Outdoor,Hard,Quarterfinals,Pliskova Ka.,Sorribes Tormo S.,6,48,2.0,0.0,Completed,1.42,3.14,1767,1,1.1816503512859344,1.42,2021-08-13
40,Montreal,Canadian Open,2021-08-14,WTA1000,Outdoor,Hard,Quarterfinals,Giorgi C.,Gauff C.,71,24,2.0,0.0,Completed,2.32,1.68,1768,0,1.1528823280334473,2.32,2021-08-14
40,Montreal,Canadian Open,2021-08-14,WTA1000,Outdoor,Hard,Quarterfinals,Pegula J.,Jabeur O.,30,22,2.0,1.0,Completed,2.21,1.75,1769,0,1.198435515165329,2.21,2021-08-14
40,Montreal,Canadian Open,2021-08-14,WTA1000,Outdoor,Hard,Semifinals,Pliskova Ka.,Sabalenka A.,6,3,2.0,0.0,Completed,2.9,1.47,1770,0,1.166303504705429,2.9,2021-08-14
40,Montreal,Canadian Open,2021-08-14,WTA1000,Outdoor,Hard,Semifinals,Giorgi C.,Pegula J.,71,30,2.0,1.0,Completed,1.81,2.12,1771,0,0.9247600960731507,1.81,2021-08-14
40,Montreal,Canadian Open,2021-08-15,WTA1000,Outdoor,Hard,The Final,Giorgi C.,Pliskova Ka.,71,6,2.0,0.0,Completed,2.59,1.56,1772,0,0.9844283151626588,2.59,2021-08-15
41,Cincinnati,Western & Southern Financial Group Women's Open,2021-08-16,WTA1000,Outdoor,Hard,1st Round,Badosa P.,Martic P.,31,34,2.0,1.0,Completed,1.52,2.69,1773,1,0.8173375177383422,1.52,2021-08-16
41,Cincinnati,Western & Southern Financial Group Women's Open,2021-08-16,WTA1000,Outdoor,Hard,1st Round,Ostapenko J.,Zidansek T.,32,39,2.0,0.0,Completed,1.52,2.68,1774,1,0.9097549009323119,1.52,2021-08-16
41,Cincinnati,Western & Southern Financial Group Women's Open,2021-08-16,WTA1000,Outdoor,Hard,1st Round,Watson H.,Sasnovich A.,67,90,2.0,1.0,Completed,2.42,1.63,1775,0,1.2083445304632188,2.42,2021-08-16
41,Cincinnati,Western & Southern Financial Group Women's Open,2021-08-16,WTA1000,Outdoor,Hard,1st Round,Teichmann J.,Cirstea S.,65,40,2.0,0.0,Completed,2.42,1.63,1776,0,1.281173512339592,2.42,2021-08-16
41,Cincinnati,Western & Southern Financial Group Women's Open,2021-08-16,WTA1000,Outdoor,Hard,1st Round,Krejcikova B.,Kasatkina D.,10,27,2.0,0.0,Completed,1.6,2.48,1777,1,1.1927807807922364,1.6,2021-08-16
41,Cincinnati,Western & Southern Financial Group Women's Open,2021-08-16,WTA1000,Outdoor,Hard,1st Round,Kvitova P.,Keys M.,12,26,2.0,0.0,Completed,1.76,2.17,1778,1,1.1158956050872801,1.76,2021-08-16
41,Cincinnati,Western & Southern Financial Group Women's Open,2021-08-17,WTA1000,Outdoor,Hard,1st Round,Gauff C.,Hsieh S.W.,24,73,2.0,0.0,Completed,1.32,3.71,1779,1,0.9932329630851746,1.32,2021-08-17
41,Cincinnati,Western & Southern Financial Group Women's Open,2021-08-17,WTA1000,Outdoor,Hard,1st Round,Rybakina E.,Stosur S.,19,186,2.0,0.0,Completed,1.09,8.88,1780,1,0.9988715988397598,1.09,2021-08-17
41,Cincinnati,Western & Southern Financial Group Women's Open,2021-08-17,WTA1000,Outdoor,Hard,1st Round,Halep S.,Linette M.,13,44,2.0,1.0,Completed,1.35,3.46,1781,1,1.0853823244571685,1.35,2021-08-17
41,Cincinnati,Western & Southern Financial Group Women's Open,2021-08-17,WTA1000,Outdoor,Hard,1st Round,Muchova K.,Konta J.,23,41,2.0,1.0,Completed,1.5,2.76,1782,1,0.8977844417095184,1.5,2021-08-17
41,Cincinnati,Western & Southern Financial Group Women's Open,2021-08-17,WTA1000,Outdoor,Hard,1st Round,Brady J.,Alexandrova E.,14,35,2.0,0.0,Completed,1.88,2.01,1783,1,1.0415217185020447,1.88,2021-08-17
41,Cincinnati,Western & Southern Financial Group Women's Open,2021-08-17,WTA1000,Outdoor,Hard,1st Round,Pera B.,Peterson R.,83,53,2.0,0.0,Completed,1.85,2.05,1784,0,1.0656836122274398,1.85,2021-08-17
41,Cincinnati,Western & Southern Financial Group Women's Open,2021-08-17,WTA1000,Outdoor,Hard,1st Round,Riske A.,Fernandez L.A.,37,70,2.0,0.0,Completed,4.1,1.27,1785,0,1.0587087696790696,4.1,2021-08-17
41,Cincinnati,Western & Southern Financial Group Women's Open,2021-08-17,WTA1000,Outdoor,Hard,1st Round,Rogers S.,Collins D.,43,28,1.0,0.0,Retired,2.52,1.58,1786,0,1.1510959362983706,2.52,2021-08-17
41,Cincinnati,Western & Southern Financial Group Women's Open,2021-08-17,WTA1000,Outdoor,Hard,1st Round,Putintseva Y.,Zhang S.,36,51,2.0,0.0,Completed,1.71,2.25,1787,1,1.085020017027855,1.71,2021-08-17
41,Cincinnati,Western & Southern Financial Group Women's Open,2021-08-17,WTA1000,Outdoor,Hard,1st Round,Mertens E.,Podoroska N.,16,38,2.0,0.0,Completed,1.4,3.17,1788,1,0.996364176273346,1.4,2021-08-17
41,Cincinnati,Western & Southern Financial Group Women's Open,2021-08-17,WTA1000,Outdoor,Hard,1st Round,Kerber A.,Sakkari M.,21,18,2.0,0.0,Completed,3.38,1.36,1789,0,1.1176662302017213,3.38,2021-08-17
41,Cincinnati,Western & Southern Financial Group Women's Open,2021-08-18,WTA1000,Outdoor,Hard,2nd Round,Kvitova P.,Kudermetova V.,12,33,2.0,0.0,Completed,1.74,2.22,1790,1,1.1915873122215273,1.74,2021-08-18
41,Cincinnati,Western & Southern Financial Group Women's Open,2021-08-18,WTA1000,Outdoor,Hard,2nd Round,Bencic B.,Rogers S.,11,43,2.0,0.0,Completed,1.5,2.8,1791,1,0.8858760595321655,1.5,2021-08-18
41,Cincinnati,Western & Southern Financial Group Women's Open,2021-08-18,WTA1000,Outdoor,Hard,2nd Round,Badosa P.,Sabalenka A.,31,3,2.0,1.0,Completed,3.32,1.38,1792,0,1.0555330860614776,3.32,2021-08-18
41,Cincinnati,Western & Southern Financial Group Women's Open,2021-08-18,WTA1000,Outdoor,Hard,2nd Round,Azarenka V.,Riske A.,15,37,2.0,0.0,Completed,1.17,5.97,1793,1,0.9520741438865661,1.17,2021-08-18
41,Cincinnati,Western & Southern Financial Group Women's Open,2021-08-18,WTA1000,Outdoor,Hard,2nd Round,Barty A.,Watson H.,1,67,2.0,0.0,Completed,1.15,6.35,1794,1,1.010653558373451,1.15,2021-08-18
41,Cincinnati,Western & Southern Financial Group Women's Open,2021-08-18,WTA1000,Outdoor,Hard,2nd Round,Krejcikova B.,Yastremska D.,10,50,2.0,0.0,Completed,1.26,4.35,1795,1,1.0148022902011873,1.26,2021-08-18
41,Cincinnati,Western & Southern Financial Group Women's Open,2021-08-18,WTA1000,Outdoor,Hard,2nd Round,Teichmann J.,Pera B.,65,83,2.0,0.0,Completed,1.79,2.15,1796,1,0.8003426855802537,1.79,2021-08-18
41,Cincinnati,Western & Southern Financial Group Women's Open,2021-08-18,WTA1000,Outdoor,Hard,2nd Round,Osaka N.,Gauff C.,2,24,2.0,1.0,Completed,1.65,2.39,1797,1,1.2455535918474196,1.65,2021-08-18
41,Cincinnati,Western & Southern Financial Group Women's Open,2021-08-18,WTA1000,Outdoor,Hard,2nd Round,Rybakina E.,Mertens E.,19,16,2.0,0.0,Completed,1.84,2.08,1798,0,1.0218578529357911,1.84,2021-08-18
41,Cincinnati,Western & Southern Financial Group Women's Open,2021-08-18,WTA1000,Outdoor,Hard,2nd Round,Ostapenko J.,Brady J.,32,14,0.0,1.0,Retired,2.47,1.61,1799,0,1.1918936514854432,2.47,2021-08-18
41,Cincinnati,Western & Southern Financial Group Women's Open,2021-08-18,WTA1000,Outdoor,Hard,2nd Round,Kerber A.,Svitolina E.,21,5,2.0,1.0,Completed,2.22,1.74,1800,0,1.1915873122215273,2.22,2021-08-18
41,Cincinnati,Western & Southern Financial Group Women's Open,2021-08-18,WTA1000,Outdoor,Hard,1st Round,Garcia C.,Stephens S.,63,62,2.0,1.0,Completed,2.24,1.71,1801,0,1.085020017027855,2.24,2021-08-18
41,Cincinnati,Western & Southern Financial Group Women's Open,2021-08-18,WTA1000,Outdoor,Hard,1st Round,Azarenka V.,Samsonova L.,15,52,2.0,0.0,Completed,1.65,2.36,1802,1,1.2455535918474196,1.65,2021-08-18
41,Cincinnati,Western & Southern Financial Group Women's Open,2021-08-18,WTA1000,Outdoor,Hard,1st Round,Bencic B.,Vondrousova M.,11,42,2.0,0.0,Completed,2.18,1.75,1803,0,1.198435515165329,2.18,2021-08-18
41,Cincinnati,Western & Southern Financial Group Women's Open,2021-08-18,WTA1000,Outdoor,Hard,1st Round,Yastremska D.,Mcnally C.,50,136,2.0,0.0,Completed,1.56,2.58,1804,1,0.9844283151626588,1.56,2021-08-18
41,Cincinnati,Western & Southern Financial Group Women's Open,2021-08-18,WTA1000,Outdoor,Hard,1st Round,Pegula J.,Giorgi C.,30,71,2.0,0.0,Completed,1.71,2.25,1805,1,1.085020017027855,1.71,2021-08-18
41,Cincinnati,Western & Southern Financial Group Women's Open,2021-08-18,WTA1000,Outdoor,Hard,1st Round,Jabeur O.,Kontaveit A.,22,29,2.0,1.0,Completed,1.49,2.81,1806,1,0.8187564927339553,1.49,2021-08-18
41,Cincinnati,Western & Southern Financial Group Women's Open,2021-08-18,WTA1000,Outdoor,Hard,1st Round,Kudermetova V.,Paolini J.,33,98,2.0,0.0,Completed,1.31,3.74,1807,1,1.0517821556329727,1.31,2021-08-18
41,Cincinnati,Western & Southern Financial Group Women's Open,2021-08-18,WTA1000,Outdoor,Hard,2nd Round,Muchova K.,Andreescu B.,23,8,2.0,0.0,Completed,1.81,2.11,1808,1,0.8092850619554519,1.81,2021-08-18
41,Cincinnati,Western & Southern Financial Group Women's Open,2021-08-19,WTA1000,Outdoor,Hard,3rd Round,Pliskova Ka.,Pegula J.,6,30,2.0,0.0,Completed,2.05,1.86,1809,0,0.8599404215812684,2.05,2021-08-19
41,Cincinnati,Western & Southern Financial Group Women's Open,2021-08-19,WTA1000,Outdoor,Hard,3rd Round,Kvitova P.,Jabeur O.,12,22,2.0,0.0,Completed,2.18,1.77,1810,0,0.7852761268615722,2.18,2021-08-19
41,Cincinnati,Western & Southern Financial Group Women's Open,2021-08-19,WTA1000,Outdoor,Hard,3rd Round,Barty A.,Azarenka V.,1,15,2.0,0.0,Completed,1.79,2.15,1811,1,0.8003426855802537,1.79,2021-08-19
41,Cincinnati,Western & Southern Financial Group Women's Open,2021-08-19,WTA1000,Outdoor,Hard,3rd Round,Kerber A.,Ostapenko J.,21,32,2.0,1.0,Completed,1.65,2.4,1812,1,1.2011172652244568,1.65,2021-08-19
41,Cincinnati,Western & Southern Financial Group Women's Open,2021-08-19,WTA1000,Outdoor,Hard,3rd Round,Krejcikova B.,Muguruza G.,10,9,2.0,1.0,Completed,2.16,1.78,1813,1,0.9364788150787354,2.16,2021-08-19
41,Cincinnati,Western & Southern Financial Group Women's Open,2021-08-19,WTA1000,Outdoor,Hard,2nd Round,Pegula J.,Halep S.,30,13,,,Walkover,1.81,2.13,1814,1,0.8092850619554519,1.81,2021-08-19
41,Cincinnati,Western & Southern Financial Group Women's Open,2021-08-19,WTA1000,Outdoor,Hard,2nd Round,Jabeur O.,Swiatek I.,22,7,2.0,0.0,Completed,2.07,1.85,1815,1,1.0881672352552414,2.07,2021-08-19
41,Cincinnati,Western & Southern Financial Group Women's Open,2021-08-19,WTA1000,Outdoor,Hard,2nd Round,Muguruza G.,Garcia C.,9,63,2.0,0.0,Completed,1.28,4.14,1816,1,1.0309102630615234,1.28,2021-08-19
41,Cincinnati,Western & Southern Financial Group Women's Open,2021-08-19,WTA1000,Outdoor,Hard,2nd Round,Pliskova Ka.,Putintseva Y.,6,36,2.0,0.0,Completed,1.44,3.02,1817,1,1.1225830936431884,1.44,2021-08-19
41,Cincinnati,Western & Southern Financial Group Women's Open,2021-08-20,WTA1000,Outdoor,Hard,Quarterfinals,Barty A.,Krejcikova B.,1,10,2.0,0.0,Completed,1.44,3.04,1818,1,1.1840978622436524,1.44,2021-08-20
41,Cincinnati,Western & Southern Financial Group Women's Open,2021-08-20,WTA1000,Outdoor,Hard,3rd Round,Bencic B.,Muchova K.,11,23,1.0,0.0,Retired,1.88,2.03,1819,1,1.0415217185020447,1.88,2021-08-20
41,Cincinnati,Western & Southern Financial Group Women's Open,2021-08-20,WTA1000,Outdoor,Hard,Quarterfinals,Kerber A.,Kvitova P.,21,12,1.0,0.0,Retired,2.17,1.78,1820,0,0.6930478751659392,2.17,2021-08-20
41,Cincinnati,Western & Southern Financial Group Women's Open,2021-08-20,WTA1000,Outdoor,Hard,3rd Round,Teichmann J.,Osaka N.,65,2,2.0,1.0,Completed,4.81,1.22,1821,0,0.9980378305912018,4.81,2021-08-20
41,Cincinnati,Western & Southern Financial Group Women's Open,2021-08-20,WTA1000,Outdoor,Hard,3rd Round,Badosa P.,Rybakina E.,31,19,2.0,0.0,Completed,2.56,1.58,1822,0,1.1057904410362245,2.56,2021-08-20
41,Cincinnati,Western & Southern Financial Group Women's Open,2021-08-21,WTA1000,Outdoor,Hard,Quarterfinals,Teichmann J.,Bencic B.,65,11,2.0,0.0,Completed,3.09,1.43,1823,0,1.1352480387687682,3.09,2021-08-21
41,Cincinnati,Western & Southern Financial Group Women's Open,2021-08-21,WTA1000,Outdoor,Hard,Quarterfinals,Pliskova Ka.,Badosa P.,6,31,1.0,0.0,Retired,1.54,2.66,1824,1,0.92715416431427,1.54,2021-08-21
41,Cincinnati,Western & Southern Financial Group Women's Open,2021-08-21,WTA1000,Outdoor,Hard,Semifinals,Barty A.,Kerber A.,1,21,2.0,0.0,Completed,1.3,3.92,1825,1,0.9962595343589784,1.3,2021-08-21
41,Cincinnati,Western & Southern Financial Group Women's Open,2021-08-21,WTA1000,Outdoor,Hard,Semifinals,Teichmann J.,Pliskova Ka.,65,6,2.0,0.0,Completed,3.05,1.43,1826,0,1.1419085294008253,3.05,2021-08-21
43,Cleveland,Tennis in the Land,2021-08-22,WTA250,Outdoor,Hard,1st Round,Mcnally C.,Danilina A.,134,294,2.0,1.0,Completed,,,1827,0,,,2021-08-22
43,Cleveland,Tennis in the Land,2021-08-22,WTA250,Outdoor,Hard,1st Round,Podoroska N.,Pera B.,37,84,2.0,0.0,Completed,,,1828,0,,,2021-08-22
43,Cleveland,Tennis in the Land,2021-08-22,WTA250,Outdoor,Hard,1st Round,Begu I.,Alexandrova E.,74,34,2.0,0.0,Completed,,,1829,0,,,2021-08-22
42,Chicago,Chicago Women's Opeen,2021-08-22,WTA250,Outdoor,Hard,1st Round,Abanda F.,Kovinic D.,361,65,2.0,0.0,Completed,,,1830,0,,,2021-08-22
42,Chicago,Chicago Women's Opeen,2021-08-22,WTA250,Outdoor,Hard,1st Round,Kanepi K.,Kalinina A.,70,75,2.0,1.0,Completed,,,1831,0,,,2021-08-22
42,Chicago,Chicago Women's Opeen,2021-08-22,WTA250,Outdoor,Hard,1st Round,Paolini J.,Doi M.,98,96,2.0,0.0,Completed,,,1832,0,,,2021-08-22
41,Cincinnati,Western & Southern Financial Group Women's Open,2021-08-22,WTA1000,Outdoor,Hard,The Final,Barty A.,Teichmann J.,1,65,2.0,0.0,Completed,1.2,5.27,1833,1,0.9783986091613769,1.2,2021-08-22
42,Chicago,Chicago Women's Opeen,2021-08-22,WTA250,Outdoor,Hard,1st Round,Gracheva V.,Zidansek T.,88,39,2.0,1.0,Completed,,,1834,0,,,2021-08-22
42,Chicago,Chicago Women's Opeen,2021-08-22,WTA250,Outdoor,Hard,1st Round,Kostyuk M.,Sebov K.,56,312,2.0,0.0,Completed,,,1835,0,,,2021-08-22
42,Chicago,Chicago Women's Opeen,2021-08-23,WTA250,Outdoor,Hard,1st Round,Ferro F.,Sutjiadi A.,80,366,2.0,1.0,Completed,,,1836,0,,,2021-08-23
42,Chicago,Chicago Women's Opeen,2021-08-23,WTA250,Outdoor,Hard,1st Round,Mladenovic K.,Diyas Z.,57,110,2.0,0.0,Completed,,,1837,0,,,2021-08-23
43,Cleveland,Tennis in the Land,2021-08-23,WTA250,Outdoor,Hard,1st Round,Linette M.,Bektas E.,51,337,2.0,0.0,Completed,,,1838,0,,,2021-08-23
43,Cleveland,Tennis in the Land,2021-08-23,WTA250,Outdoor,Hard,1st Round,Kontaveit A.,Davis L.,30,97,2.0,1.0,Completed,,,1839,0,,,2021-08-23
43,Cleveland,Tennis in the Land,2021-08-23,WTA250,Outdoor,Hard,1st Round,Zvonareva V.,Eikeri U.,101,291,2.0,0.0,Completed,,,1840,0,,,2021-08-23
43,Cleveland,Tennis in the Land,2021-08-23,WTA250,Outdoor,Hard,1st Round,Kasatkina D.,Juvan K.,27,109,2.0,0.0,Completed,,,1841,0,,,2021-08-23
43,Cleveland,Tennis in the Land,2021-08-23,WTA250,Outdoor,Hard,1st Round,Fruhvirtova L.,Moore T.,376,434,2.0,0.0,Completed,1.25,4.28,1842,1,1.0564954578876495,1.25,2021-08-23
43,Cleveland,Tennis in the Land,2021-08-23,WTA250,Outdoor,Hard,1st Round,Garcia C.,Harrison C.,61,340,2.0,0.0,Completed,,,1843,0,,,2021-08-23
43,Cleveland,Tennis in the Land,2021-08-23,WTA250,Outdoor,Hard,1st Round,Sasnovich A.,Mchale C.,99,119,2.0,0.0,Completed,,,1844,0,,,2021-08-23
42,Chicago,Chicago Women's Opeen,2021-08-23,WTA250,Outdoor,Hard,1st Round,Cornet A.,Li A.,68,67,2.0,1.0,Completed,,,1845,0,,,2021-08-23
43,Cleveland,Tennis in the Land,2021-08-23,WTA250,Outdoor,Hard,1st Round,Zhang S.,Trevisan M.,49,105,2.0,0.0,Completed,,,1846,0,,,2021-08-23
42,Chicago,Chicago Women's Opeen,2021-08-23,WTA250,Outdoor,Hard,1st Round,Bogdan A.,Watson H.,106,62,1.0,0.0,Retired,,,1847,0,,,2021-08-23
43,Cleveland,Tennis in the Land,2021-08-23,WTA250,Outdoor,Hard,1st Round,Mattek-Sands B.,Shibahara E.,363,615,2.0,1.0,Completed,1.36,3.34,1848,1,1.1151697540283203,1.36,2021-08-23
43,Cleveland,Tennis in the Land,2021-08-23,WTA250,Outdoor,Hard,1st Round,Sorribes Tormo S.,Glatch A.,43,297,2.0,0.0,Completed,1.09,8.5,1849,1,0.9748397374153138,1.09,2021-08-23
42,Chicago,Chicago Women's Opeen,2021-08-23,WTA250,Outdoor,Hard,1st Round,Svitolina E.,Burel C.,6,91,1.0,1.0,Retired,,,1850,0,,,2021-08-23
42,Chicago,Chicago Women's Opeen,2021-08-23,WTA250,Outdoor,Hard,1st Round,Martincova T.,Cirstea S.,60,38,2.0,1.0,Completed,,,1851,0,,,2021-08-23
42,Chicago,Chicago Women's Opeen,2021-08-23,WTA250,Outdoor,Hard,1st Round,Van Uytvanck A.,Hibino N.,58,71,2.0,0.0,Completed,,,1852,0,,,2021-08-23
42,Chicago,Chicago Women's Opeen,2021-08-23,WTA250,Outdoor,Hard,1st Round,Vondrousova M.,Gleason Q.,40,467,2.0,0.0,Completed,,,1853,0,,,2021-08-23
42,Chicago,Chicago Women's Opeen,2021-08-23,WTA250,Outdoor,Hard,1st Round,Golubic V.,Osorio M.,45,79,2.0,0.0,Completed,,,1854,0,,,2021-08-23
42,Chicago,Chicago Women's Opeen,2021-08-23,WTA250,Outdoor,Hard,1st Round,Peterson R.,Bouzkova M.,59,86,2.0,0.0,Completed,,,1855,0,,,2021-08-23
43,Cleveland,Tennis in the Land,2021-08-23,WTA250,Outdoor,Hard,1st Round,Hanatani N.,Blinkova A.,402,83,0.0,0.0,Retired,,,1856,0,,,2021-08-23
43,Cleveland,Tennis in the Land,2021-08-23,WTA250,Outdoor,Hard,1st Round,Hercog P.,Mateas M.,85,342,2.0,0.0,Completed,,,1857,0,,,2021-08-23
43,Cleveland,Tennis in the Land,2021-08-24,WTA250,Outdoor,Hard,2nd Round,Linette M.,Fruhvirtova L.,51,376,2.0,0.0,Completed,1.22,4.85,1858,1,0.9859416103363037,1.22,2021-08-24
43,Cleveland,Tennis in the Land,2021-08-24,WTA250,Outdoor,Hard,1st Round,Siniakova K.,Rogers S.,53,42,2.0,0.0,Completed,,,1859,0,,,2021-08-24
43,Cleveland,Tennis in the Land,2021-08-24,WTA250,Outdoor,Hard,2nd Round,Kasatkina D.,Mcnally C.,27,134,2.0,1.0,Completed,1.23,4.8,1860,1,1.0501018577814103,1.23,2021-08-24
42,Chicago,Chicago Women's Opeen,2021-08-24,WTA250,Outdoor,Hard,2nd Round,Mladenovic K.,Abanda F.,57,361,2.0,0.0,Completed,1.46,2.96,1861,1,1.1514630782604218,1.46,2021-08-24
42,Chicago,Chicago Women's Opeen,2021-08-24,WTA250,Outdoor,Hard,2nd Round,Kostyuk M.,Kanepi K.,56,70,2.0,0.0,Completed,1.68,2.32,1862,1,1.120378246307373,1.68,2021-08-24
42,Chicago,Chicago Women's Opeen,2021-08-24,WTA250,Outdoor,Hard,2nd Round,Gracheva V.,Bogdan A.,88,106,1.0,0.0,Retired,3.36,1.38,1863,0,1.0345591163635253,3.36,2021-08-24
42,Chicago,Chicago Women's Opeen,2021-08-24,WTA250,Outdoor,Hard,1st Round,Hsieh S.W.,Williams V.,81,147,2.0,0.0,Completed,,,1864,0,,,2021-08-24
43,Cleveland,Tennis in the Land,2021-08-24,WTA250,Outdoor,Hard,2nd Round,Sasnovich A.,Podoroska N.,99,37,2.0,1.0,Completed,2.11,1.81,1865,0,0.9961778593063354,2.11,2021-08-24
43,Cleveland,Tennis in the Land,2021-08-25,WTA250,Outdoor,Hard,2nd Round,Begu I.,Hercog P.,74,85,2.0,0.0,Completed,1.74,2.23,1866,1,1.157844171524048,1.74,2021-08-25
43,Cleveland,Tennis in the Land,2021-08-25,WTA250,Outdoor,Hard,2nd Round,Siniakova K.,Hanatani N.,53,402,2.0,0.0,Completed,1.03,17.92,1867,1,0.9211788344383239,1.03,2021-08-25
43,Cleveland,Tennis in the Land,2021-08-25,WTA250,Outdoor,Hard,2nd Round,Zhang S.,Mattek-Sands B.,49,363,2.0,0.0,Completed,1.28,4.13,1868,1,1.052992477416992,1.28,2021-08-25
42,Chicago,Chicago Women's Opeen,2021-08-25,WTA250,Outdoor,Hard,2nd Round,Peterson R.,Golubic V.,59,45,2.0,0.0,Completed,2.57,1.57,1869,0,1.085526341199875,2.57,2021-08-25
42,Chicago,Chicago Women's Opeen,2021-08-25,WTA250,Outdoor,Hard,2nd Round,Cornet A.,Paolini J.,68,98,2.0,0.0,Completed,1.57,2.58,1870,1,1.0646901631355286,1.57,2021-08-25
42,Chicago,Chicago Women's Opeen,2021-08-25,WTA250,Outdoor,Hard,2nd Round,Svitolina E.,Ferro F.,6,80,2.0,0.0,Completed,1.27,4.19,1871,1,1.044765973687172,1.27,2021-08-25
42,Chicago,Chicago Women's Opeen,2021-08-25,WTA250,Outdoor,Hard,2nd Round,Van Uytvanck A.,Vondrousova M.,58,40,0.0,1.0,Retired,3.05,1.43,1872,0,1.135268409848213,3.05,2021-08-25
42,Chicago,Chicago Women's Opeen,2021-08-25,WTA250,Outdoor,Hard,2nd Round,Martincova T.,Hsieh S.W.,60,81,2.0,1.0,Completed,1.94,1.96,1873,0,1.07531596660614,1.94,2021-08-25
43,Cleveland,Tennis in the Land,2021-08-25,WTA250,Outdoor,Hard,2nd Round,Kontaveit A.,Garcia C.,30,61,2.0,0.0,Completed,1.6,2.5,1874,1,1.1720230102539062,1.6,2021-08-25
43,Cleveland,Tennis in the Land,2021-08-26,WTA250,Outdoor,Hard,Quarterfinals,Sorribes Tormo S.,Zhang S.,43,49,2.0,0.0,Completed,1.54,2.65,1875,1,1.1280721473693849,1.54,2021-08-26
43,Cleveland,Tennis in the Land,2021-08-26,WTA250,Outdoor,Hard,Quarterfinals,Linette M.,Kasatkina D.,51,27,2.0,0.0,Completed,2.9,1.47,1876,0,1.0678099536895753,2.9,2021-08-26
43,Cleveland,Tennis in the Land,2021-08-26,WTA250,Outdoor,Hard,Quarterfinals,Kontaveit A.,Siniakova K.,30,53,2.0,1.0,Completed,1.66,2.37,1877,1,0.9105410706996917,1.66,2021-08-26
42,Chicago,Chicago Women's Opeen,2021-08-26,WTA250,Outdoor,Hard,Quarterfinals,Svitolina E.,Mladenovic K.,6,57,2.0,0.0,Completed,1.29,4.0,1878,1,1.016577651500702,1.29,2021-08-26
42,Chicago,Chicago Women's Opeen,2021-08-26,WTA250,Outdoor,Hard,Quarterfinals,Peterson R.,Martincova T.,59,60,1.0,1.0,Retired,2.2,1.75,1879,0,1.1644984483718872,2.2,2021-08-26
42,Chicago,Chicago Women's Opeen,2021-08-26,WTA250,Outdoor,Hard,Quarterfinals,Cornet A.,Vondrousova M.,68,40,2.0,1.0,Completed,4.04,1.29,1880,0,0.8532041805982591,4.04,2021-08-26
43,Cleveland,Tennis in the Land,2021-08-26,WTA250,Outdoor,Hard,2nd Round,Sorribes Tormo S.,Zvonareva V.,43,101,,,Walkover,1.71,2.25,1881,1,1.0495510965585708,1.71,2021-08-26
43,Cleveland,Tennis in the Land,2021-08-26,WTA250,Outdoor,Hard,Quarterfinals,Begu I.,Sasnovich A.,74,99,2.0,0.0,Completed,1.98,1.93,1882,0,1.0588570487499236,1.98,2021-08-26
43,Cleveland,Tennis in the Land,2021-08-27,WTA250,Outdoor,Hard,Semifinals,Begu I.,Linette M.,74,51,2.0,0.0,Completed,2.36,1.67,1883,1,1.2070920348167418,2.36,2021-08-27
43,Cleveland,Tennis in the Land,2021-08-27,WTA250,Outdoor,Hard,Semifinals,Kontaveit A.,Sorribes Tormo S.,30,43,2.0,0.0,Completed,1.85,2.06,1884,0,1.284348462820053,1.85,2021-08-27
42,Chicago,Chicago Women's Opeen,2021-08-27,WTA250,Outdoor,Hard,Semifinals,Cornet A.,Gracheva V.,68,88,2.0,1.0,Completed,1.5,2.77,1885,1,1.0514121651649475,1.5,2021-08-27
42,Chicago,Chicago Women's Opeen,2021-08-27,WTA250,Outdoor,Hard,Semifinals,Svitolina E.,Peterson R.,6,59,2.0,1.0,Completed,1.31,3.81,1886,1,1.0596704763174059,1.31,2021-08-27
42,Chicago,Chicago Women's Opeen,2021-08-27,WTA250,Outdoor,Hard,Quarterfinals,Gracheva V.,Kostyuk M.,88,56,2.0,1.0,Completed,4.4,1.26,1887,0,1.0365394699573518,4.4,2021-08-27
42,Chicago,Chicago Women's Opeen,2021-08-28,WTA250,Outdoor,Hard,The Final,Svitolina E.,Cornet A.,6,68,2.0,0.0,Completed,1.28,4.1,1888,1,0.8930825042724609,1.28,2021-08-28
43,Cleveland,Tennis in the Land,2021-08-28,WTA250,Outdoor,Hard,The Final,Kontaveit A.,Begu I.,30,74,2.0,0.0,Completed,1.37,3.39,1889,1,0.8749880629777909,1.37,2021-08-28
